accesion,uniprot_id.length,
Aligment,Aligment,XXX,457,460,466,506,549,551,552,562,566,577,583,585,646
P11076,ARF1_YEAST,181,25,28,34,47,66,68,69,75,78,85,91,93,131
P25160,ARL1_DROME,180,24,27,33,46,65,67,68,74,77,84,90,92,130
P36057,SRPB_YEAST,244,46,49,55,69,86,88,89,95,98,109,115,117,159
P36397,ARF1_ARATH,181,25,28,34,47,66,68,69,75,78,85,91,93,131
P38116,ARL1_YEAST,183,26,29,35,48,67,69,70,76,79,86,92,94,132
P47758,SRPRB_MOUSE,269,70,73,79,-,114,116,117,123,127,134,140,142,183
P61209,ARF1_DROME,182,25,28,34,47,66,68,69,75,78,85,91,93,131
P61211,ARL1_MOUSE,181,25,28,34,47,66,68,69,75,78,85,91,93,131
P84078,ARF1_MOUSE,181,25,28,34,47,66,68,69,75,78,85,91,93,131
Q09654,TRI23_CAEEL,539,377,380,386,402,421,423,424,430,433,440,446,448,486
Q20758,ARL1_CAEEL,180,24,27,33,46,65,67,68,74,77,84,90,92,130
Q8BGX0,TRI23_MOUSE,574,412,415,421,434,453,455,456,462,465,472,478,480,518
Q9D4V7,RABL3_MOUSE,236,14,17,23,37,65,67,68,78,81,88,94,96,152
Q9DAI2,IFT22_MOUSE,185,11,14,20,34,62,64,65,71,74,81,87,89,-
Q9VXA9,Q9VXA9_DROME,274,14,17,23,37,65,67,68,74,77,84,90,92,-
Q9XUC2,IFT22_CAEEL,252,36,39,45,81,118,120,121,127,130,137,143,145,182
P08645,RAP1_DROME,184,11,14,20,34,56,58,59,65,68,75,81,83,121
P13856,RSR1_YEAST,272,11,14,20,34,56,58,59,65,68,75,81,83,121
P25378,RHEB_YEAST,209,24,27,33,47,69,71,72,78,81,88,94,96,134
P34443,RHEB1_CAEEL,207,21,24,30,44,66,68,69,75,78,85,91,93,131
P62835,RAP1A_MOUSE,184,11,14,20,34,56,58,59,65,68,75,81,83,121
Q921J2,RHEB_MOUSE,184,14,17,23,37,59,61,62,68,71,78,84,86,124
Q99JI6,RAP1B_MOUSE,184,11,14,20,34,56,58,59,65,68,75,81,83,121
Q9D8T3,REBL1_MOUSE,184,14,17,23,37,59,61,62,68,71,78,84,86,124
Q9VND8,RHEB_DROME,182,13,16,22,36,58,60,61,67,70,77,83,85,123
Q18246,RAP1_CAEEL,188,11,14,20,34,56,58,59,65,68,75,81,83,121
P19073,CDC42_YEAST,191,11,14,20,34,56,58,59,65,68,75,81,83,120
P39722,GEM1_YEAST,662,456,459,465,479,503,505,506,512,515,522,528,530,565
P40793,CDC42_DROME,191,11,14,20,34,56,58,59,65,68,75,81,83,120
P60766,CDC42_MOUSE,191,11,14,20,34,56,58,59,65,68,75,81,83,120
Q05062,CDC42_CAEEL,191,11,14,20,34,56,58,59,65,68,75,81,83,120
Q8BG51,MIRO1_MOUSE,631,25,28,34,48,69,71,72,78,81,88,94,96,136
Q8IMX7,MIRO_DROME,652,19,22,28,42,63,65,66,72,75,82,88,90,149
Q8JZN7,MIRO2_MOUSE,620,12,15,21,35,56,58,59,65,68,75,81,83,123
Q94263,MIRO1_CAEEL,625,17,20,26,40,61,63,64,70,73,80,86,88,128
Q9D0P8,IFT27_MOUSE,186,13,16,22,38,63,65,66,72,75,82,88,90,128
F4J0W4,MIRO2_ARATH,643,22,25,31,44,66,68,69,75,78,85,91,93,130
Q8RXF8,MIRO1_ARATH,648,25,28,34,48,69,71,72,78,81,88,94,96,133
Q9MA88,MIRO3_ARATH,648,22,25,31,45,66,68,69,75,78,85,91,93,130
O04157,RAG3B_ARATH,203,16,19,25,39,62,64,65,71,74,81,87,89,130
P01123,YPT1_YEAST,206,16,19,25,39,62,64,65,71,74,81,87,89,126
P28188,RAD2A_ARATH,203,16,19,25,39,62,64,65,71,74,81,87,89,126
P32939,YPT7_YEAST,208,16,19,25,39,63,65,66,72,75,82,88,90,131
P35292,RAB17_MOUSE,214,27,30,36,49,72,74,75,81,84,91,97,99,137
P35293,RAB18_MOUSE,206,16,19,25,39,62,64,65,71,74,81,87,89,127
P35294,RAB19_MOUSE,217,25,28,34,48,71,73,74,80,83,90,96,98,135
P36019,YPT53_YEAST,220,20,23,29,43,66,68,69,75,78,85,91,93,130
P51150,RAB7A_MOUSE,207,16,19,25,39,62,64,65,71,74,81,87,89,130
P51996,YPT32_YEAST,222,21,24,30,44,67,69,70,76,79,86,92,94,131
P61027,RAB10_MOUSE,200,17,20,26,40,63,65,66,72,75,82,88,90,127
P62821,RAB1A_MOUSE,205,19,22,28,42,65,67,68,74,77,84,90,92,129
Q8K386,RAB15_MOUSE,212,16,19,25,39,62,64,65,71,74,81,87,89,126
Q8MXS1,RAB18_CAEEL,203,19,22,28,42,65,67,68,74,77,84,90,92,130
Q8VEA8,RAB7B_MOUSE,199,16,19,25,39,62,64,65,71,74,81,87,89,129
Q91V41,RAB14_MOUSE,215,19,22,28,42,65,67,68,74,77,84,90,92,129
Q91YQ1,RAB7L_MOUSE,204,15,18,24,38,62,64,65,71,74,81,87,89,130
Q99260,YPT6_YEAST,215,18,21,27,41,64,66,67,73,76,83,89,91,129
Q9D1G1,RAB1B_MOUSE,201,16,19,25,39,62,64,65,71,74,81,87,89,126
Q9DD03,RAB13_MOUSE,202,16,19,25,39,62,64,65,71,74,81,87,89,126
E9Q9D5,RBL2A_MOUSE,223,29,32,38,52,75,77,78,84,87,94,100,102,138
O18332,O18332_DROME,205,19,22,28,42,65,67,68,74,77,84,90,92,129
Q9UAQ6,Q9UAQ6_CAEEL,205,19,22,28,42,65,67,68,74,77,84,90,92,129
O17915,RAN_CAEEL,215,17,20,26,40,63,65,66,72,75,82,88,90,126
P32835,GSP1_YEAST,219,20,23,29,43,66,68,69,75,78,85,91,93,129
P32836,GSP2_YEAST,220,21,24,30,44,67,69,70,76,79,86,92,94,130
P41916,RAN1_ARATH,221,21,24,30,44,67,69,70,76,79,86,92,94,130
P41917,RAN2_ARATH,221,21,24,30,44,67,69,70,76,79,86,92,94,130
P62827,RAN_MOUSE,216,18,21,27,41,64,66,67,73,76,83,89,91,127
Q8H156,RAN3_ARATH,221,21,24,30,44,67,69,70,76,79,86,92,94,130
Q9VZ23,RAN_DROME,216,18,21,27,41,64,66,67,73,76,83,89,91,127
